SPK No,Reason,Remark,,,State,Description
3200000003,04,ini remark,,,0,
,,,,,1,Proses Manual dari bengkel 
,,,,,2,Proses Manual dari bengkel TBCA 
,,,,,3,SPK not Found 
,,,,,4,SPK menyusul dari surveyor 
,,,,,5,Ada salah satu SPK tidak proses b2b 
,,,,,6,Kerusakan Heavy / GR 
,,,,,7,Panel SPK tidak sesuai antara system dan SPK
,,,,,8,OR tidak sesuai antara system dan fisik SPK
,,,,,9,item tagihan tidak sesuai proce list 
,,,,,10,SPK TPL dalam satu Master 
,,,,,11,Item tagihan double 
,,,,,12,Salah Mapping Checker 
,,,,,13,others
